NAEP Questions Tool - Export,,,,,,,,,,
Question ID,Description,Grade,Year,Block ID,Seq#,Difficulty,Type,NAEP ID,Online,Time
2013-4M7,Select unit for specific attribute,4,2013,4M7,1,Easy,MC,M154501,Yes,1
2013-4M7,Determine outcome with greatest probability using picture,4,2013,4M7,2,Easy,MC,M170001,Yes,1
2013-4M7,Divide 5-digit number by 2-digit number,4,2013,4M7,4,Medium,MC,M157101,Yes,2
2013-4M7,Find rule for proportional change in input-output table,4,2013,4M7,5,Medium,MC,M160201,Yes,2
2013-4M7,Compare properties of simple figures,4,2013,4M7,6,Medium,MC,M158601,Yes,2
2013-4M7,Compute with data from graph to solve problem,4,2013,4M7,9,Medium,MC,M157201,Yes,2
2013-4M7,Construct and identify shape on coordinate grid,4,2013,4M7,10,Medium,MC,M156801,Yes,2
2013-4M7,Use ratio to describe situation in context,4,2013,4M7,12,Medium,MC,M160001,Yes,2
2013-4M7,Determine which rectangular floor has greatest area,4,2013,4M7,14,Hard,MC,M157701,Yes,3
2013-4M6,Infer outside temperature based on context,4,2013,4M6,1,Easy,MC,M135601,Yes,1
2013-4M6,Recognize shape when completed,4,2013,4M6,2,Easy,MC,M135701,Yes,1
2013-4M6,Identify true statement,4,2013,4M6,3,Easy,MC,M135801,Yes,1
2013-4M6,List events in order they occurred,4,2013,4M6,4,Easy,MC,M135901,Yes,1
2013-4M6,Determine number expressed in place value diagram,4,2013,4M6,5,Easy,MC,M136001,Yes,1
2013-4M6,Identify missing information to solve a problem,4,2013,4M6,6,Hard,MC,M136101,Yes,3
2013-4M6,Determine ratio from a diagram,4,2013,4M6,7,Easy,MC,M136201,Yes,1
2013-4M6,Determine perimeter of a rectangle,4,2013,4M6,8,Easy,MC,M136301,Yes,1
2013-4M6,Compare unit fractions in context,4,2013,4M6,9,Medium,MC,M136401,Yes,2
2013-4M6,Determine expression with least value,4,2013,4M6,12,Hard,MC,M136701,Yes,3
2013-4M6,Read temperature on thermometer,4,2013,4M6,13,Medium,MC,M136801,Yes,2
2013-4M6,Choose graph that best summarizes data,4,2013,4M6,15,Medium,MC,M137001,Yes,2
2013-4M6,Determine specific term in a fraction pattern,4,2013,4M6,16,Hard,MC,M137101,Yes,3
2013-4M3,Multiply three whole numbers,4,2013,4M3,1,Easy,MC,M145201,Yes,1
2013-4M3,Use description of faces to identify 3-D shape,4,2013,4M3,2,Easy,MC,M145301,Yes,1
2013-4M3,Order decimal numbers from a table,4,2013,4M3,3,Easy,MC,M145401,Yes,1
2013-4M3,Recognize result of cutting and folding paper,4,2013,4M3,4,Medium,MC,M145501,Yes,2
2013-4M3,Identify congruent triangles,4,2013,4M3,5,Easy,MC,M145601,Yes,1
2013-4M3,Measure to find perimeter of figure,4,2013,4M3,6,Easy,MC,M145701,Yes,1
2013-4M3,Recognize effect of number operations,4,2013,4M3,7,Easy,MC,M145801,Yes,1
2013-4M3,Add 3 fractions with like denominators,4,2013,4M3,9,Medium,MC,M146001,Yes,2
2013-4M3,Identify number sentence from verbal description,4,2013,4M3,11,Hard,MC,M146201,Yes,3
2013-4M3,Measure the length of an object,4,2013,4M3,14,Hard,MC,M146501,Yes,3