Testing Program,(1) Are Operational (or Field Tested) Items Available?,(2) Are Item Parameter Estimates Available?,(3) Is a Key Enabling a Merge of (1) and (2) Available?
NAEP,Yes,Yes,Yes
PISA,Yes,Yes,Yes
TIMSS,Yes,Yes,Yes
Smarter balanced,Yes,No,No
New Meridian (PARCC),Yes,No,No
California,Yes,No,No
Texas,Yes,No,No
Florida,Yes,No,No
New York,Yes 3-8 & Regents,Yes 3-8 & Regents,No 3-8; Yes Regents
Pennsylvania,Yes,Yes,No
Illinois,Yes,No,No
Ohio,Yes,Yes,Haphazardly
Georgia,Yes,No,No
North Carolina,Yes,No,No
Michigan,Yes,No,No
New Jersey,Yes,No,No
Virginia,Yes,No,No
Washington,Yes,No,No
Arizona,Yes,Yes,No
Massachusetts,Yes,Yes,No