Block,Item,NAEP ID,aj,bj,cj,dj1,dj2,dj3,dj4,Subscale
MC,1,M145201,0.84,-0.68,0.21,NA,NA,NA,NA,Number properties and operation
MC,3,M145401,0.84,-0.39,0.16,NA,NA,NA,NA,Number properties and operation
MC,7,M145801,0.93,-0.14,0.17,NA,NA,NA,NA,Number properties and operation
MC,9,M146001,0.54,1.03,0.31,NA,NA,NA,NA,Number properties and operation
MC,12,M146301,0.62,0.48,NA,-1.65,1.65,NA,NA,Number properties and operation
MD,6,M147201,0.46,-1.84,0.23,NA,NA,NA,NA,Number properties and operation
MD,8,M147401,0.74,-1.12,0.06,NA,NA,NA,NA,Number properties and operation
MD,9,M147501,1.01,-0.65,0.18,NA,NA,NA,NA,Number properties and operation
MD,11,M147701,1.38,1.04,0.16,NA,NA,NA,NA,Number properties and operation
MD,13,M147901,1.22,0.59,0.14,NA,NA,NA,NA,Number properties and operation
MD,14,M148001,2.02,1.55,0.17,NA,NA,NA,NA,Number properties and operation
MD,15,M148101,0.47,1.79,NA,-0.09,0.09,NA,NA,Number properties and operation
ME,1,M218501,1.69,0.64,0.07,NA,NA,NA,NA,Number properties and operation
ME,2,M218502,1.61,0.74,NA,NA,NA,NA,NA,Number properties and operation
ME,3,M218503,2.2,0.3,0.14,NA,NA,NA,NA,Number properties and operation
ME,4,M2185CL,0.71,1.43,NA,1.13,-1.45,0.32,NA,Number properties and operation
ME,10,M219101,0.74,-0.03,0.24,NA,NA,NA,NA,Number properties and operation
ME,14,M219501,0.52,-0.09,NA,-0.02,0.02,NA,NA,Number properties and operation
MF,3,M135801,0.75,-0.62,0.39,NA,NA,NA,NA,Number properties and operation
MF,5,M136001,0.62,-1.43,0.17,NA,NA,NA,NA,Number properties and operation
MF,6,M136101,1.21,0.93,0.18,NA,NA,NA,NA,Number properties and operation
MF,7,M136201,0.68,-0.82,0.13,NA,NA,NA,NA,Number properties and operation
MF,9,M136401,1.12,-0.04,0.14,NA,NA,NA,NA,Number properties and operation
MF,12,M136701,0.67,1.15,0.13,NA,NA,NA,NA,Number properties and operation
MG,3,M156701,0.78,-0.01,NA,NA,NA,NA,NA,Number properties and operation
MG,4,M157101,0.8,0.56,0.19,NA,NA,NA,NA,Number properties and operation
MG,7,M157301,0.82,0.64,NA,NA,NA,NA,NA,Number properties and operation
MG,11,M160701,0.47,-0.07,NA,-2.04,2.04,NA,NA,Number properties and operation
MG,12,M160001,0.4,0.13,0.06,NA,NA,NA,NA,Number properties and operation
MG,13,M162401,0.54,0.69,NA,-0.43,0.43,NA,NA,Number properties and operation
MH,1,M240101,1.01,-0.47,0.29,NA,NA,NA,NA,Number properties and operation
MH,4,M229901,0.8,-1,0.25,NA,NA,NA,NA,Number properties and operation
MH,8,M230801,1.26,-0.49,0.2,NA,NA,NA,NA,Number properties and operation
MH,9,M240801,0.98,-0.25,NA,NA,NA,NA,NA,Number properties and operation
MH,12,M240901,0.88,-0.17,0.15,NA,NA,NA,NA,Number properties and operation
MH,14,M241401,0.63,-0.25,0.09,NA,NA,NA,NA,Number properties and operation
MI,2,M225401,0.77,-0.42,0.16,NA,NA,NA,NA,Number properties and operation
MI,5,M228601,0.66,-0.85,0.25,NA,NA,NA,NA,Number properties and operation
MI,7,M225101,0.97,0.61,0.16,NA,NA,NA,NA,Number properties and operation
MI,8,M229301,1.82,0.42,0.2,NA,NA,NA,NA,Number properties and operation
MI,11,M338601,0.91,-0.03,0.16,NA,NA,NA,NA,Number properties and operation
MI,14,M338801,1.26,1.55,NA,NA,NA,NA,NA,Number properties and operation
MI,15,M338901,1.23,0.44,0.27,NA,NA,NA,NA,Number properties and operation
MJ,6,M220201,0.42,-1.98,0.18,NA,NA,NA,NA,Number properties and operation
MJ,9,M220501,0.88,1.05,0.33,NA,NA,NA,NA,Number properties and operation
MJ,11,M220701,0.33,-0.76,NA,-4.18,4.18,NA,NA,Number properties and operation
MJ,12,M220801,1.33,1.32,0.06,NA,NA,NA,NA,Number properties and operation
MJ,13,M220901,1.78,1.21,0.26,NA,NA,NA,NA,Number properties and operation
MJ,14,M221001,0.8,-0.05,0.27,NA,NA,NA,NA,Number properties and operation
MK,1,M158001,1.09,0.26,0.3,NA,NA,NA,NA,Number properties and operation
MK,3,M161101,0.99,-0.81,0.16,NA,NA,NA,NA,Number properties and operation
MK,6,M161601,0.47,-0.3,NA,0.33,-0.33,NA,NA,Number properties and operation
MK,8,M159701,0.64,-1.93,0.1,NA,NA,NA,NA,Number properties and operation
MK,10,M155201,0.58,-1.34,0.14,NA,NA,NA,NA,Number properties and operation
MK,15,M162201,0.85,1.8,NA,-0.48,0.48,NA,NA,Number properties and operation
ML,1,M223901,0.8,-1.65,0.18,NA,NA,NA,NA,Number properties and operation
ML,2,M339001,0.58,-1.65,0.13,NA,NA,NA,NA,Number properties and operation
ML,9,M224801,0.77,-1.2,0.09,NA,NA,NA,NA,Number properties and operation
ML,11,M339301,1.1,0.42,0.18,NA,NA,NA,NA,Number properties and operation
ML,13,M228501,1.06,0.54,0.19,NA,NA,NA,NA,Number properties and operation
MC,6,M145701,1.23,-0.15,0.15,NA,NA,NA,NA,Measurement
MC,8,M145901,0.51,0.42,NA,-0.87,0.87,NA,NA,Measurement
MC,10,M146101,1.16,0.47,NA,NA,NA,NA,NA,Measurement
MC,13,M146401,0.71,1.03,NA,0.49,-0.49,NA,NA,Measurement
MC,14,M146501,1.19,0.84,0.04,NA,NA,NA,NA,Measurement
MD,5,M147101,1.34,0.77,0.14,NA,NA,NA,NA,Measurement
ME,5,M218601,0.62,-1.47,0.09,NA,NA,NA,NA,Measurement
ME,9,M219001,0.51,-2.1,0.15,NA,NA,NA,NA,Measurement
ME,13,M219401,0.74,-2.1,0.11,NA,NA,NA,NA,Measurement
MF,8,M136301,0.6,-0.41,0.13,NA,NA,NA,NA,Measurement
MF,11,M136601,0.7,0.13,NA,0.2,-0.2,NA,NA,Measurement
MF,13,M136801,0.87,0.42,0.14,NA,NA,NA,NA,Measurement
MG,1,M154501,0.52,-2.81,0.16,NA,NA,NA,NA,Measurement
MG,14,M157701,1.08,2.04,0.17,NA,NA,NA,NA,Measurement
MH,3,M230001,0.77,0.35,0.27,NA,NA,NA,NA,Measurement
MH,15,M240401,0.85,1.5,NA,NA,NA,NA,NA,Measurement
MI,1,M226901,1,0.82,0.25,NA,NA,NA,NA,Measurement
MI,9,M338501,0.71,-0.85,0.14,NA,NA,NA,NA,Measurement
MJ,3,M219901,0.7,0.44,0.28,NA,NA,NA,NA,Measurement
MJ,8,M220401,0.52,0.99,NA,-4.08,4.08,NA,NA,Measurement
MJ,15,M221101,0.85,0.45,NA,0.26,-0.26,NA,NA,Measurement
MK,2,M156301,0.54,-2.26,0.13,NA,NA,NA,NA,Measurement
MK,7,M158301,1.18,0.68,0.23,NA,NA,NA,NA,Measurement
MK,11,M161901,0.37,-1.37,NA,0.42,-0.42,NA,NA,Measurement
ML,4,M339101,0.59,0.82,0.13,NA,NA,NA,NA,Measurement
ML,10,M339201,0.95,0,0.16,NA,NA,NA,NA,Measurement
MC,2,M145301,1.03,-1.29,0.22,NA,NA,NA,NA,Geometry
MC,4,M145501,0.77,1.27,0.26,NA,NA,NA,NA,Geometry
MC,5,M145601,0.46,-1.64,0.22,NA,NA,NA,NA,Geometry
MD,1,M146701,0.82,-1.24,0.25,NA,NA,NA,NA,Geometry
MD,3,M146901,0.41,0.09,NA,-0.66,0.66,NA,NA,Geometry
MD,4,M147001,0.48,0.23,NA,0.01,-0.01,NA,NA,Geometry
ME,11,M219201,0.77,-1.36,0.17,NA,NA,NA,NA,Geometry
ME,15,M219601,0.3,-1.11,0.22,NA,NA,NA,NA,Geometry
MF,2,M135701,0.56,-3.24,0.19,NA,NA,NA,NA,Geometry
MG,6,M158601,0.82,-0.02,0.18,NA,NA,NA,NA,Geometry
MG,10,M156801,0.45,0.23,0.09,NA,NA,NA,NA,Geometry
MH,7,M230901,0.71,-0.23,0.3,NA,NA,NA,NA,Geometry
MH,11,M241001,0.71,0.5,0.12,NA,NA,NA,NA,Geometry
MI,3,M224301,0.32,-2.41,NA,-2.03,2.03,NA,NA,Geometry
MI,13,M338701,0.76,1.24,0.16,NA,NA,NA,NA,Geometry
MJ,2,M219801,0.74,-1.37,0.21,NA,NA,NA,NA,Geometry
MJ,5,M220101,0.97,0.24,0.15,NA,NA,NA,NA,Geometry
MK,4,M156101,0.47,0.71,NA,-0.07,0.07,NA,NA,Geometry
MK,13,M157501,0.66,-0.43,NA,0.74,-0.74,NA,NA,Geometry
ML,3,M227201,0.41,-0.15,NA,-0.92,0.92,NA,NA,Geometry
ML,6,M227701,0.96,-0.23,0.1,NA,NA,NA,NA,Geometry
ML,12,M339401,0.62,0.37,NA,0.24,-0.24,NA,NA,Geometry
MD,7,M147301,0.75,-1.05,0.24,NA,NA,NA,NA,"Data analysis, statistics, and probability"
MD,10,M147601,0.65,0.99,0.17,NA,NA,NA,NA,"Data analysis, statistics, and probability"
MD,12,M147801,1.27,0.38,0.09,NA,NA,NA,NA,"Data analysis, statistics, and probability"
ME,6,M218701,0.95,-0.97,0.15,NA,NA,NA,NA,"Data analysis, statistics, and probability"
ME,7,M218801,1.09,-0.56,NA,NA,NA,NA,NA,"Data analysis, statistics, and probability"
MF,14,M136901,0.7,0.29,NA,0.02,-0.02,NA,NA,"Data analysis, statistics, and probability"
MF,15,M137001,0.73,0.77,0.28,NA,NA,NA,NA,"Data analysis, statistics, and probability"
MG,2,M170001,0.61,-1.04,0.14,NA,NA,NA,NA,"Data analysis, statistics, and probability"
MG,9,M157201,0.81,0.15,0.1,NA,NA,NA,NA,"Data analysis, statistics, and probability"
MH,2,M240301,0.55,-3.21,0.17,NA,NA,NA,NA,"Data analysis, statistics, and probability"
MH,6,M230501,1.26,0.56,0.41,NA,NA,NA,NA,"Data analysis, statistics, and probability"
MH,10,M231001,1.07,0.6,0.33,NA,NA,NA,NA,"Data analysis, statistics, and probability"
MI,6,M338401,0.28,-1.91,NA,-2.79,2.79,NA,NA,"Data analysis, statistics, and probability"
MI,10,M225001,0.77,0.27,NA,1,-1,NA,NA,"Data analysis, statistics, and probability"
MJ,7,M220301,0.75,-0.58,0.04,NA,NA,NA,NA,"Data analysis, statistics, and probability"
MJ,10,M220601,0.45,1.25,0.09,NA,NA,NA,NA,"Data analysis, statistics, and probability"
MK,12,M154901,0.03,4.16,0.1,NA,NA,NA,NA,"Data analysis, statistics, and probability"
MK,14,M162301,0.79,0.65,0.1,NA,NA,NA,NA,"Data analysis, statistics, and probability"
ML,7,M225201,0.63,-0.44,NA,-3.29,3.29,NA,NA,"Data analysis, statistics, and probability"
MC,11,M146201,1.12,1.15,0.16,NA,NA,NA,NA,Algebra
MC,15,M146601,0.41,0.23,NA,-0.33,0.98,-0.47,-0.17,Algebra
MD,2,M146801,0.5,-0.7,NA,NA,NA,NA,NA,Algebra
ME,8,M218901,0.56,-2.68,NA,NA,NA,NA,NA,Algebra
ME,12,M219301,0.84,0.79,0.33,NA,NA,NA,NA,Algebra
MF,4,M135901,0.76,-0.86,0.14,NA,NA,NA,NA,Algebra
MF,10,M136501,0.93,-0.3,NA,NA,NA,NA,NA,Algebra
MF,16,M137101,0.97,1.45,0.16,NA,NA,NA,NA,Algebra
MG,5,M160201,1.42,0.3,0.23,NA,NA,NA,NA,Algebra
MG,8,M157001,0.48,-1.11,NA,0.58,-0.58,NA,NA,Algebra
MG,15,M159401,0.73,0.96,NA,-0.43,-0.2,0.64,NA,Algebra
MH,5,M240601,0.52,-1.8,NA,NA,NA,NA,NA,Algebra
MH,13,M2311CL,0.73,0.45,NA,0.06,0.43,-0.49,NA,Algebra
MI,4,M227601,0.68,-0.75,0.17,NA,NA,NA,NA,Algebra
MI,12,M226801,0.92,0.19,NA,NA,NA,NA,NA,Algebra
MJ,1,M219701,0.88,-1.98,0.09,NA,NA,NA,NA,Algebra
MJ,4,M220001,0.42,-1.98,NA,-1.9,1.9,NA,NA,Algebra
MK,5,M156601,0.87,0.4,0.18,NA,NA,NA,NA,Algebra
MK,9,M156201,0.32,-0.33,0.16,NA,NA,NA,NA,Algebra
MK,16,M1610CL,0.21,1.07,NA,-0.82,-1.6,-0.89,3.31,Algebra
ML,5,M229201,0.89,-0.58,0.19,NA,NA,NA,NA,Algebra
ML,8,M228801,2.02,1.1,0.43,NA,NA,NA,NA,Algebra