"SumScore","Theta","ScaleScore","AchievementLevel","ContentClassification","ClosestItemScaleScore","Question","Year"
6,-4.4845,98,"Below Basic",NA,NA,NA,NA
7,-3.1762,140,"Below Basic",NA,NA,NA,NA
8,-2.4804,162,"Below Basic","Geometry",165,"Identify a figure that is not symmetric (calculator available) (MC)",2011
9,-2.0079,177,"Below Basic","Geometry",173,"Divide a square into various shapes-Minimal (CR)",2011
10,-1.6489,188,"Below Basic","Algebra",187,"Create a pattern of shapes given a verbal description-Correct (CR)",2015
11,-1.3557,198,"Below Basic","Number Properties and Operations",198,"Represent the same whole number in different ways-Partial (CR)",2009
12,-1.1042,206,"Below Basic","Algebra",207,"Find value of an unknown in a number sentence (MC)",2017
13,-0.881399999999999,213,"Below Basic","Measurement",213,"Identify which of four objects is heaviest (MC)",2003
14,-0.6793,219,"Basic","Number Properties and Operations",219,"Compose numbers using place value to determine winners of a game-Minimal (CR)",2011
15,-0.492599999999999,225,"Basic","Algebra",225,"Solve a problem involving multiples of 2 and 4 (calculator available) (CR)",2003
16,-0.317299999999999,231,"Basic","Data Analysis, Statistics, and Probability",230,"Represent the probabilities of three outcomes using a picture-Correct (SR)",2019
17,-0.1502,236,"Basic","Data Analysis, Statistics, and Probability",236,"Determine outcome with greatest probability using picture (calculator available) (MC)",2013
18,0.0113000000000003,241,"Basic","Measurement",241,"Indicate measurements on a ruler-Partial (CR)",2009
19,0.1698,246,"Basic","Algebra",246,"Mark locations on a grid-Correct (CR)",2013
20,0.327500000000001,251,"Proficient","Geometry",251,"Use an interactive tool to create a parallel line segment-Correct (CR)",2019
21,0.4863,256,"Proficient","Measurement",256,"Solve a story problem involving time (calculator available)-Partial (CR)",2011
22,0.648800000000001,262,"Proficient","Number Properties and Operations",262,"Identify multiple correct solution methods to an addition problem-Partial (SR)",2017
23,0.817300000000001,267,"Proficient","Number Properties and Operations",267,"Represent fractions using a model (calculator available)-Partial (SR)",2017
24,0.995000000000001,273,"Proficient","Measurement",273,"Measure a rectangle to determine the area-Partial (CR)",2017
25,1.1863,279,"Proficient","Data Analysis, Statistics, and Probability",279,"Determine number of ways friends can pair up-Correct (CR)",2013
26,1.398,286,"Advanced","Data Analysis, Statistics, and Probability",286,"Identify color with highest chance of being chosen-Correct (CR)",2007
27,1.6405,293,"Advanced","Number Properties and Operations",293,"Solve a story problem involving comparison of unit costs-Satisfactory Response (CR)",2005
28,1.9334,303,"Advanced","Geometry",304,"Recognize edges in a three-dimensional figure (MC)",2013
29,2.3199,315,"Advanced","Number Properties and Operations",315,"Compose numbers using place value to determine winners of a game-Extended (CR)",2011
30,2.9463,335,"Advanced","Geometry",335,"Divide a square into various shapes-Extended (CR)",2011
