"SumScore","Theta","ScaleScore","AchievementLevel","ClosestItemDescription","ClosestItemSubscale","ClosestItemScaleScore","NA","NA","NA","NA","NA","NA","NA","NA","NA","NA","NA"
0,-5.7928,56,"Below Basic",NA,NA,NA,NA,NA,NA,NA,NA,NA,NA,NA,NA,NA,NA
1,-5.7928,56,"Below Basic",NA,NA,NA,NA,NA,NA,NA,NA,NA,NA,NA,NA,NA,NA
2,-5.7928,56,"Below Basic",NA,NA,NA,NA,NA,NA,NA,NA,NA,NA,NA,NA,NA,NA
3,-5.7928,56,"Below Basic",NA,NA,NA,NA,NA,NA,NA,NA,NA,NA,NA,NA,NA,NA
4,-5.7928,56,"Below Basic",NA,NA,NA,NA,NA,NA,NA,NA,NA,NA,NA,NA,NA,NA
5,-5.7928,56,"Below Basic",NA,NA,NA,NA,NA,NA,NA,NA,NA,NA,NA,NA,NA,NA
6,-4.4845,98,"Below Basic",NA,NA,NA,NA,NA,NA,NA,NA,NA,NA,NA,NA,NA,NA
7,-3.1762,140,"Below Basic",NA,NA,NA,NA,NA,NA,NA,NA,NA,NA,NA,NA,NA,NA
8,-2.4804,162,"Below Basic","Recognize shape when completed",4,2013,"Easy","M135701",1,"MF",2,0.56,-3.24,0.19,"Geometry",-2.45298671511451,163
9,-2.0079,177,"Below Basic","Select unit for specific attribute",4,2013,"Easy","M154501",1,"MG",1,0.52,-2.81,0.16,"Measurement",-1.90236824375007,180
10,-1.6489,188,"Below Basic",NA,NA,NA,NA,NA,NA,NA,NA,NA,NA,NA,NA,NA,NA
11,-1.3557,198,"Below Basic",NA,NA,NA,NA,NA,NA,NA,NA,NA,NA,NA,NA,NA,NA
12,-1.1042,206,"Below Basic",NA,NA,NA,NA,NA,NA,NA,NA,NA,NA,NA,NA,NA,NA
13,-0.881399999999999,213,"Below Basic","Use description of faces to identify 3-D shape",4,2013,"Easy","M145301",1,"MC",2,1.03,-1.29,0.22,"Geometry",-0.89414210133641,212
14,-0.6793,219,"Basic","Determine number expressed in place value diagram",4,2013,"Easy","M136001",1,"MF",5,0.62,-1.43,0.17,"Number properties and operation",-0.685261167160277,219
15,-0.492599999999999,225,"Basic","Identify true statement",4,2013,"Easy","M135801",1,"MF",3,0.75,-0.62,0.39,"Number properties and operation",-0.38686155022123,229
16,-0.317299999999999,231,"Basic","Identify true statement",4,2013,"Easy","M135801",1,"MF",3,0.75,-0.62,0.39,"Number properties and operation",-0.38686155022123,229
17,-0.1502,236,"Basic","Multiply three whole numbers",4,2013,"Easy","M145201",1,"MC",1,0.84,-0.68,0.21,"Number properties and operation",-0.181263742625602,235
18,0.0113000000000003,241,"Basic","Determine ratio from a diagram",4,2013,"Easy","M136201",1,"MF",7,0.68,-0.82,0.13,"Number properties and operation",-0.0823033510797326,238
19,0.1698,246,"Basic","Order decimal numbers from a table",4,2013,"Easy","M145401",1,"MC",3,0.84,-0.39,0.16,"Number properties and operation",0.171867277678527,246
20,0.327500000000001,251,"Proficient","Recognize effect of number operations",4,2013,"Easy","M145801",1,"MC",7,0.93,-0.14,0.17,"Number properties and operation",0.356492555226482,252
21,0.4863,256,"Proficient","Determine perimeter of a rectangle",4,2013,"Easy","M136301",1,"MF",8,0.6,-0.41,0.13,"Measurement",0.426056202109636,255
22,0.648800000000001,262,"Proficient","Find rule for proportional change in input-output table",4,2013,"Medium","M160201",2,"MG",5,1.42,0.3,0.23,"Algebra",0.579092417026862,259
23,0.817300000000001,267,"Proficient","Compute with data from graph to solve problem",4,2013,"Medium","M157201",2,"MG",9,0.81,0.15,0.1,"Data analysis, statistics, and probability",0.804165973375592,267
24,0.995000000000001,273,"Proficient","Read temperature on thermometer",4,2013,"Medium","M136801",2,"MF",13,0.87,0.42,0.14,"Measurement",0.985414485598796,272
25,1.1863,279,"Proficient","Choose graph that best summarizes data",4,2013,"Medium","M137001",2,"MF",15,0.73,0.77,0.28,"Data analysis, statistics, and probability",1.22974605839453,280
26,1.398,286,"Advanced","Construct and identify shape on coordinate grid",4,2013,"Medium","M156801",2,"MG",10,0.45,0.23,0.09,"Geometry",1.42776566258059,287
27,1.6405,293,"Advanced","Identify number sentence from verbal description",4,2013,"Hard","M146201",3,"MC",11,1.12,1.15,0.16,"Algebra",1.5714004582589,291
28,1.9334,303,"Advanced","Determine specific term in a fraction pattern",4,2013,"Hard","M137101",3,"MF",16,0.97,1.45,0.16,"Algebra",1.93656547757728,303
29,2.3199,315,"Advanced","Determine which rectangular floor has greatest area",4,2013,"Hard","M157701",3,"MG",14,1.08,2.04,0.17,"Measurement",2.46753525588947,320
30,2.9463,335,"Advanced",NA,NA,NA,NA,NA,NA,NA,NA,NA,NA,NA,NA,NA,NA
31,3.5727,355,"Advanced",NA,NA,NA,NA,NA,NA,NA,NA,NA,NA,NA,NA,NA,NA
